Keyword,Ranking
energy Ireland,Not found in top 100 results
seai grants Ireland,Not found in top 100 results
ber rating Ireland,Not found in top 100 results
air tightness test Ireland,16
home energy assessment Ireland,Not found in top 100 results
ber cert Ireland,95
energy grants Ireland,Not found in top 100 results
air tightness testing Ireland,21
energy efficiency Ireland,Not found in top 100 results
home energy audit Ireland,Not found in top 100 results
energy consultants Ireland,67
ber certificate Ireland,Not found in top 100 results
energy efficient homes Ireland,Not found in top 100 results
air tightness test results Ireland,2
domestic ventilation systems Ireland,Not found in top 100 results
air tightness test near me Ireland,Not found in top 100 results
energy saving grants Ireland,Not found in top 100 results
home energy consultant Ireland,Not found in top 100 results
energy engineering Ireland,Not found in top 100 results
home energy consultants Ireland,41
ber energy rating Ireland,Not found in top 100 results
energy consultant Ireland,Not found in top 100 results
ventilation testing equipment Ireland,Not found in top 100 results
home energy efficiency audit Ireland,Not found in top 100 results
energy consulting Ireland,Not found in top 100 results
energy sustainability Ireland,Not found in top 100 results
seai better energy homes grant Ireland,Not found in top 100 results
grants for energy efficiency Ireland,Not found in top 100 results
seai contractors Ireland,Not found in top 100 results
seai better energy grants Ireland,Not found in top 100 results
seai energy grants Ireland,Not found in top 100 results
seai registered contractors Ireland,Not found in top 100 results
seai technical advisor Ireland,77
seai contractors list Ireland,Not found in top 100 results
seai approved contractors list Ireland,Not found in top 100 results
seai registered insulation contractors Ireland,Not found in top 100 results
seai contractor registration Ireland,Not found in top 100 results
seai contractor contact Ireland,Not found in top 100 results
seai registered pv installers Ireland,Not found in top 100 results
seai grants registered contractors Ireland,Not found in top 100 results
registered seai contractors Ireland,Not found in top 100 results
home energy assessment in Ireland,Not found in top 100 results
energy efficiency solutions Ireland,Not found in top 100 results
ber rating services Ireland,Not found in top 100 results
energy grants for homes Ireland,Not found in top 100 results
energy consultants in Ireland,Not found in top 100 results
ventilation testing services Ireland,15
sustainable energy solutions Ireland,Not found in top 100 results
ber certificate assistance Ireland,Not found in top 100 results
energy saving consultation Ireland,Not found in top 100 results
renewable energy services Ireland,Not found in top 100 results
seai grants for Ireland residents,Not found in top 100 results
ber energy rating assessment Ireland,Not found in top 100 results
air tightness test near me in Ireland,Not found in top 100 results
energy transition Ireland,Not found in top 100 results
seai energy homes grant Ireland,Not found in top 100 results
seai Ireland,Not found in top 100 results
home energy grants Ireland,Not found in top 100 results
nationwide energy consultants Ireland,Not found in top 100 results
engineering consultants Ireland,Not found in top 100 results
ber assessors Ireland,79
sustainable energy Ireland,Not found in top 100 results
ber Ireland,Not found in top 100 results
air tightness test building regulations Ireland,51
find a ber assessor Ireland,Not found in top 100 results
home energy assessment cost Ireland,Not found in top 100 results
air leak test house Ireland,Not found in top 100 results
home energy audit business Ireland,Not found in top 100 results
energy consultancy Ireland,Not found in top 100 results
commercial energy efficiency Ireland,Not found in top 100 results
ventilation testing Ireland,16
sustainable energy consulting Ireland,Not found in top 100 results
energy management services Ireland,Not found in top 100 results
part l compliance Ireland,Not found in top 100 results
part l compliance report Ireland,Not found in top 100 results
heating and domestic hot water systems for dwellings â€“ achieving compliance with part l Ireland,Not found in top 100 results
display energy certificates Ireland,Not found in top 100 results
display energy certificates requirements Ireland,Not found in top 100 results
house energy ratings Ireland,Not found in top 100 results
display energy certificates register Ireland,Not found in top 100 results
